x,alexol,1866,16,1,112500000,673,4702,17767,25286,1701258,34564,70,1,12500000,0,0,0,0,0,0,676850875,2305785536
LOCK2,x,1866,16,1,112500000,611391,0,611391,0,0,0,0,0,0,0,0,0,0,0,0
LOCK3,x,1866,16,1,112500000,0,0,0,7,55,0,0
x,alexol,1866,16,2,125000000,664,1358,7836,425314,5510335,10646,9371,247,12500000,0,0,0,0,0,0,822915842,3073789480
LOCK2,x,1866,16,2,125000000,41188552,40736546,452006,0,7781,0,0,3059484295,3245995,0,0,0,531,40736546,502473621
LOCK3,x,1866,16,2,125000000,7775,0,1440,4,135,0,0
x,alexol,1866,16,3,137500000,665,1295,5971,10453,9118102,1472,27,10,12500000,0,0,0,0,0,0,573572072,3073789480
LOCK2,x,1866,16,3,137500000,3280063,0,3280063,0,0,0,0,0,3245995,0,0,0,0,0,0
LOCK3,x,1866,16,3,137500000,0,0,0,8,7,0,0
x,alexol,1866,16,4,150000000,683,1454,6101,10519,8276670,1543,56,12,12500000,0,0,0,0,0,0,596670020,3075508424
LOCK2,x,1866,16,4,150000000,3469475,267448,3202027,0,18,0,0,6028665,3245995,0,0,0,0,267448,0
LOCK3,x,1866,16,4,150000000,18,0,10,10,5,0,0
x,alexol,1866,16,5,162500000,699,1580,12142,479664,6673439,14029,10271,82,12500000,0,0,0,0,0,0,839879671,4097603136
LOCK2,x,1866,16,5,162500000,42090266,38616175,3474091,0,8294,0,0,2783313878,3245995,0,0,0,17,38616175,32777018
LOCK3,x,1866,16,5,162500000,8211,0,1863,20,161,0,0
x,alexol,1866,16,6,175000000,682,1466,6809,13479,7048624,4476,37,1,12500000,0,0,0,0,0,0,599036401,4097603136
LOCK2,x,1866,16,6,175000000,345732,0,345732,0,0,0,0,0,3245995,0,0,0,0,0,0
LOCK3,x,1866,16,6,175000000,0,0,0,5,16,0,0
x,alexol,1866,16,7,187500000,694,1396,6042,7880,313950,513,12,0,12500000,0,0,0,0,0,0,591485281,4097603136
LOCK2,x,1866,16,7,187500000,226929,0,226929,0,0,0,0,0,3245995,0,0,0,0,0,0
LOCK3,x,1866,16,7,187500000,0,0,0,0,1,0,0
x,alexol,1866,16,8,200000000,712,1568,5971,7952,921431,636,130,0,12500000,0,0,0,0,0,0,620697448,4107310784
LOCK2,x,1866,16,8,200000000,1603870,1359659,244211,0,68,0,0,30886628,3245995,0,0,0,51,1359659,28681185
LOCK3,x,1866,16,8,200000000,68,0,51,0,3,0,0
x,alexol,1866,16,9,212500000,767,1717,60782,940064,7111180,15168,12210,783,12500000,0,0,0,0,0,0,1136305655,5464720448
LOCK2,x,1866,16,9,212500000,114177248,112649409,1527839,0,8261,0,0,5646117419,7110246,0,0,0,7956,112649409,5598167631
LOCK3,x,1866,16,9,212500000,8260,0,3723,10,203,0,0
x,alexol,1866,16,10,225000000,724,1384,6022,7865,337769,478,12,0,12500000,0,0,0,0,0,0,616602339,5464720448
LOCK2,x,1866,16,10,225000000,119705,0,119705,0,0,0,0,0,7110246,0,0,0,0,0,0
LOCK3,x,1866,16,10,225000000,0,0,0,0,0,0,0
x,alexol,1866,16,11,237500000,737,1442,6059,7739,310297,447,8,0,12500000,0,0,0,0,0,0,630756290,5464720448
LOCK2,x,1866,16,11,237500000,124746,0,124746,0,0,0,0,0,7110246,0,0,0,0,0,0
LOCK3,x,1866,16,11,237500000,0,0,0,0,1,0,0
x,alexol,1866,16,12,250000000,751,1536,6168,7954,338073,573,11,0,12500000,0,0,0,0,0,0,644622606,5464720448
LOCK2,x,1866,16,12,250000000,135081,0,135081,0,0,0,0,0,7110246,0,0,0,0,0,0
LOCK3,x,1866,16,12,250000000,0,0,0,0,3,0,0
x,alexol,1866,16,13,262500000,769,1692,6263,8227,910669,624,17,0,12500000,0,0,0,0,0,0,663155700,5464941880
LOCK2,x,1866,16,13,262500000,148571,0,148571,0,2,0,0,818553,7110246,0,0,0,0,0,0
LOCK3,x,1866,16,13,262500000,2,0,0,0,3,0,0
x,alexol,1866,16,14,275000000,840,1969,158227,421904,8408168,19360,17451,92,12500000,0,0,0,0,0,0,1007127421,7228489920
LOCK2,x,1866,16,14,275000000,28920369,28797891,122478,0,15837,0,0,3910478874,8044012,0,0,0,27,28797891,158874122
LOCK3,x,1866,16,14,275000000,15837,0,1299,0,300,0,0
x,alexol,1866,16,15,287500000,753,1715,6504,12998,1291246,2390,607,4,12500000,0,0,0,0,0,0,663200672,7284836280
LOCK2,x,1866,16,15,287500000,1804882,1664982,139900,0,497,0,0,140957074,8044012,0,0,0,0,1664982,6783923
LOCK3,x,1866,16,15,287500000,497,0,73,1,25,0,0
x,alexol,1866,16,16,300000000,764,2373,7163,14018,9327823,6631,57,7,12500000,0,0,0,0,0,0,684212667,7284836280
LOCK2,x,1866,16,16,300000000,1748258,0,1748258,0,0,0,0,0,8044012,0,0,0,0,0,0
LOCK3,x,1866,16,16,300000000,0,0,0,8,36,0,0
x,alexol,1866,16,17,312500000,773,1851,6441,12146,9349355,1985,32,10,12500000,0,0,0,0,0,0,673663543,7284836280
LOCK2,x,1866,16,17,312500000,3331246,0,3331246,0,0,0,0,0,8044012,0,0,0,0,0,0
LOCK3,x,1866,16,17,312500000,0,0,0,9,10,0,0
x,alexol,1866,16,18,325000000,786,2001,6823,13077,7161606,4256,33,1,12500000,0,0,0,0,0,0,687787097,7284836280
LOCK2,x,1866,16,18,325000000,241394,0,241394,0,0,0,0,0,8044012,0,0,0,0,0,0
LOCK3,x,1866,16,18,325000000,0,0,0,3,17,0,0
x,alexol,1866,16,19,337500000,802,2128,6584,11913,355781,1831,10,0,12500000,0,0,0,0,0,0,700174438,7284836280
LOCK2,x,1866,16,19,337500000,164137,0,164137,0,0,0,0,0,8044012,0,0,0,0,0,0
LOCK3,x,1866,16,19,337500000,0,0,0,0,2,0,0
x,alexol,1866,16,20,350000000,821,2298,6775,12624,612553,2668,31,0,12500000,0,0,0,0,0,0,720777526,7284984560
LOCK2,x,1866,16,20,350000000,226614,20538,206076,0,1,0,0,611689,8044012,0,0,0,1,20538,611689
LOCK3,x,1866,16,20,350000000,1,0,1,1,14,0,0
x,alexol,1866,16,21,362500000,895,2884,193495,808835,7918530,20745,13358,294,12500000,0,0,0,0,0,0,1297507721,8882238920
LOCK2,x,1866,16,21,362500000,66708421,66525377,183044,0,10805,0,0,6082168404,8044012,0,0,0,9786,66525377,5908385158
LOCK3,x,1866,16,21,362500000,10801,0,2254,1,289,0,0
x,alexol,1866,16,22,375000000,843,2113,8487,804730,10291733,10133,7171,249,12500000,0,0,0,0,0,0,1009816100,9715302352
LOCK2,x,1866,16,22,375000000,42632984,42028679,604305,0,5560,0,0,3483103656,8044012,0,0,0,5134,42028679,3404696716
LOCK3,x,1866,16,22,375000000,5559,0,1486,3,114,0,0
x,alexol,1866,16,23,387500000,809,2642,7639,15628,8029347,9135,56,5,12500000,0,0,0,0,0,0,737385785,9715462984
LOCK2,x,1866,16,23,387500000,1055526,0,1055526,0,2,0,0,600765,8044012,0,0,0,2,0,600765
LOCK3,x,1866,16,23,387500000,1,0,0,6,42,0,0
x,alexol,1866,16,24,400000000,821,2711,7570,16083,9284607,8767,62,8,12500000,0,0,0,0,0,0,748678373,9715465984
LOCK2,x,1866,16,24,400000000,2203795,0,2203795,0,1,0,0,59044,8044012,0,0,0,1,0,59044
LOCK3,x,1866,16,24,400000000,0,0,0,10,47,0,0
