x,alexol,72,16,1,112500000,634,6756,18052,28212,7447766,61726,232,3,12500000,0,0,0,0,0,0,781357150,2372714912
CPU,x,72,16,1,11330755000
x,alexol,72,16,2,125000000,625,1317,6092,401034,5254048,7236,6561,279,12500000,0,0,0,0,0,0,750768701,3063856800
CPU,x,72,16,2,11707295000
x,alexol,72,16,3,137500000,629,1272,5686,7832,3548083,422,58,43,12500000,0,0,0,0,0,0,575776066,3092907992
CPU,x,72,16,3,8898986000
x,alexol,72,16,4,150000000,654,1447,5787,7923,851398,359,20,0,12500000,0,0,0,0,0,0,700726488,3253577512
CPU,x,72,16,4,9756509000
x,alexol,72,16,5,162500000,657,1397,6344,469715,1245279,6360,5617,8,12500000,0,0,0,0,0,0,699508260,4044092064
CPU,x,72,16,5,11159109000
x,alexol,72,16,6,175000000,653,1333,5726,8886,269164,468,25,0,12500000,0,0,0,0,0,0,629412956,4108551544
CPU,x,72,16,6,9444617000
x,alexol,72,16,7,187500000,676,1411,5845,9158,431470,497,9,0,12500000,0,0,0,0,0,0,658741739,4236932848
CPU,x,72,16,7,10012418000
x,alexol,72,16,8,200000000,696,1530,5956,9208,3777111,582,26,2,12500000,0,0,0,0,0,0,681891212,4377467160
CPU,x,72,16,8,10349768000
x,alexol,72,16,9,212500000,717,1531,6867,690612,1630201,5773,5067,92,12500000,0,0,0,0,0,0,866585826,5339043408
CPU,x,72,16,9,13650123000
x,alexol,72,16,10,225000000,693,1467,6058,12217,4347842,1771,16,1,12500000,0,0,0,0,0,0,672043729,5441389256
CPU,x,72,16,10,10001093000
x,alexol,72,16,11,237500000,707,1485,5904,7947,281735,355,17,0,12500000,0,0,0,0,0,0,712966941,5584116280
CPU,x,72,16,11,10295956000
x,alexol,72,16,12,250000000,716,1523,5991,8016,335257,327,16,0,12500000,0,0,0,0,0,0,698676181,5698680880
CPU,x,72,16,12,10310956000
x,alexol,72,16,13,262500000,737,1684,5993,8167,261549,537,36,0,12500000,0,0,0,0,0,0,797354249,5864238280
CPU,x,72,16,13,11057986000
x,alexol,72,16,14,275000000,779,1828,7565,239799,2024265,9152,7567,20,12500000,0,0,0,0,0,0,917552620,6914813856
CPU,x,72,16,14,13256080000
x,alexol,72,16,15,287500000,750,1525,6166,9648,254867,916,33,0,12500000,0,0,0,0,0,0,699641289,7155486712
CPU,x,72,16,15,10928062000
x,alexol,72,16,16,300000000,735,1570,5963,8066,141233,435,4,0,12500000,0,0,0,0,0,0,770751990,7307673128
CPU,x,72,16,16,10746998000
x,alexol,72,16,17,312500000,743,1589,6040,8447,196918,481,6,0,12500000,0,0,0,0,0,0,740175813,7418722672
CPU,x,72,16,17,10691151000
x,alexol,72,16,18,325000000,753,1615,5990,7999,1662774,445,9,2,12500000,0,0,0,0,0,0,765050529,7540969560
CPU,x,72,16,18,11035621000
x,alexol,72,16,19,337500000,768,1692,6009,7943,146435,361,6,0,12500000,0,0,0,0,0,0,813661090,7680405104
CPU,x,72,16,19,11452307000
x,alexol,72,16,20,350000000,806,1825,6533,10040,541202,1283,34,0,12500000,0,0,0,0,0,0,798914909,7823030744
CPU,x,72,16,20,11999276000
x,alexol,72,16,21,362500000,837,1972,6794,463911,2272274,3499,1990,44,12500000,0,0,0,0,0,0,978812929,8302389088
CPU,x,72,16,21,13607512000
x,alexol,72,16,22,375000000,842,2490,10663,558973,9841184,13729,4684,103,12500000,0,0,0,0,0,0,1017001157,9227805336
CPU,x,72,16,22,15372918000
x,alexol,72,16,23,387500000,816,1704,6477,9205,1190497,886,51,2,12500000,0,0,0,0,0,0,793343444,9447741280
CPU,x,72,16,23,12062763000
x,alexol,72,16,24,400000000,810,1716,6312,8743,243857,542,9,0,12500000,0,0,0,0,0,0,813555012,9645702248
CPU,x,72,16,24,11998946000
