x,alexol,72,16,1,112500000,648,3913,18532,34701,6284584,35688,237,11,12500000,0,0,0,0,0,0,781718552,2600083336
CPU,x,72,16,1,12209411000
x,alexol,72,16,2,125000000,636,1540,8765,397009,5282877,10913,3033,179,12500000,0,0,0,0,0,0,697245649,3027465744
CPU,x,72,16,2,11357766000
x,alexol,72,16,3,137500000,650,1405,5972,10984,3801375,2166,51,32,12500000,0,0,0,0,0,0,611132189,3151169408
CPU,x,72,16,3,9799441000
x,alexol,72,16,4,150000000,687,1551,6061,10587,1500901,1948,38,12,12500000,0,0,0,0,0,0,724743711,3818312064
CPU,x,72,16,4,12486261000
x,alexol,72,16,5,162500000,640,1289,5663,8330,294479,390,9,0,12500000,0,0,0,0,0,0,552788966,3848838512
CPU,x,72,16,5,8904622000
x,alexol,72,16,6,175000000,681,1488,5975,10021,321583,1268,39,0,12500000,0,0,0,0,0,0,660366950,4130062520
CPU,x,72,16,6,11330724000
x,alexol,72,16,7,187500000,726,1546,6395,10255,5918892,1527,24,1,12500000,0,0,0,0,0,0,717713390,4632676720
CPU,x,72,16,7,12971324000
x,alexol,72,16,8,200000000,699,1472,6008,9999,5332989,1249,25,7,12500000,0,0,0,0,0,0,647777778,4859543848
CPU,x,72,16,8,11076037000
x,alexol,72,16,9,212500000,694,1433,5946,8784,184722,518,12,0,12500000,0,0,0,0,0,0,616811385,4987765656
CPU,x,72,16,9,10025184000
x,alexol,72,16,10,225000000,740,1626,6321,10358,173496,1651,20,0,12500000,0,0,0,0,0,0,724386808,5393983376
CPU,x,72,16,10,12099864000
x,alexol,72,16,11,237500000,757,1681,6581,10884,158113,2584,27,0,12500000,0,0,0,0,0,0,743100144,5914816408
CPU,x,72,16,11,12701190000
x,alexol,72,16,12,250000000,714,1509,6050,9383,162500,846,16,0,12500000,0,0,0,0,0,0,648868614,6075432416
CPU,x,72,16,12,10526600000
x,alexol,72,16,13,262500000,717,1517,6022,8680,223738,544,12,0,12500000,0,0,0,0,0,0,634076764,6152284024
CPU,x,72,16,13,10216392000
x,alexol,72,16,14,275000000,764,1689,6330,10082,346920,1313,12,0,12500000,0,0,0,0,0,0,734295596,6542065240
CPU,x,72,16,14,12071426000
x,alexol,72,16,15,287500000,770,1710,6515,10547,164839,1867,9,0,12500000,0,0,0,0,0,0,742703698,6957678768
CPU,x,72,16,15,12287089000
x,alexol,72,16,16,300000000,791,1806,6692,11835,9303776,3044,16,7,12500000,0,0,0,0,0,0,777451038,7484718456
CPU,x,72,16,16,13008920000
x,alexol,72,16,17,312500000,751,1615,6031,9473,4821030,996,14,3,12500000,0,0,0,0,0,0,710818347,7593493632
CPU,x,72,16,17,10887377000
x,alexol,72,16,18,325000000,745,1619,6263,9853,148323,1167,8,0,12500000,0,0,0,0,0,0,652403249,7627271624
CPU,x,72,16,18,10518992000
x,alexol,72,16,19,337500000,803,2572,7734,15469,5066355,5990,22,1,12500000,0,0,0,0,0,0,799387580,7947083648
CPU,x,72,16,19,13730676000
x,alexol,72,16,20,350000000,840,3756,11976,24658,10027036,16408,117,8,12500000,0,0,0,0,0,0,906607927,8382272336
CPU,x,72,16,20,15638285000
x,alexol,72,16,21,362500000,833,2031,6632,12517,4378211,2581,23,5,12500000,0,0,0,0,0,0,844468016,8825853320
CPU,x,72,16,21,14674524000
x,alexol,72,16,22,375000000,866,1789,6427,10248,604685,1559,12,0,12500000,0,0,0,0,0,0,834697667,9373075752
CPU,x,72,16,22,15050204000
x,alexol,72,16,23,387500000,831,1713,4594,8376,344455,336,9,0,12500000,0,0,0,0,0,0,791172756,9511677360
CPU,x,72,16,23,12673322000
x,alexol,72,16,24,400000000,787,1680,5244,11879,1653423,2010,16,1,12500000,0,0,0,0,0,0,720398956,9514513448
CPU,x,72,16,24,10871502000
