x,alexol,72,1,1,1100000,189,523,652,4305,6766,0,0,0,50283,159,471,562,45978,0,49717,26990856,23064800
CPU,x,72,1,1,27009000
x,alexol,72,1,2,1200000,174,496,618,4314,9695,0,0,0,50283,110,365,507,85273,0,49717,22320383,23064800
CPU,x,72,1,2,22252000
x,alexol,72,1,3,1300000,177,515,237704,482340,679984,101,87,0,50283,109,356,512,64470,0,49717,51418739,30408264
CPU,x,72,1,3,51290000
x,alexol,72,1,4,1400000,175,499,637,52232,260865,6,2,0,50283,154,463,555,60741,0,49717,25117115,30743552
CPU,x,72,1,4,25079000
x,alexol,72,1,5,1500000,171,491,623,4217,10919,1,0,0,50283,111,396,510,16424,0,49717,21902435,30743552
CPU,x,72,1,5,21863000
x,alexol,72,1,6,1600000,168,487,624,5402,16443,2,0,0,50283,103,286,497,62600,0,49717,20491160,30743552
CPU,x,72,1,6,20446000
x,alexol,72,1,7,1700000,168,482,599,5337,60589,1,0,0,50283,101,251,487,6625,0,49717,19920503,30743552
CPU,x,72,1,7,19881000
x,alexol,72,1,8,1800000,168,481,608,6157,9226,0,0,0,50283,101,221,474,9831,0,49717,19769684,30743552
CPU,x,72,1,8,19773000
x,alexol,72,1,9,1900000,171,484,614,4131,7445,0,0,0,50283,101,217,464,9676,0,49717,19745547,30743552
CPU,x,72,1,9,19749000
x,alexol,72,1,10,2000000,174,494,632,9682,132466,5,1,0,50283,102,211,460,6179,0,49717,20221783,30900096
CPU,x,72,1,10,20225000
x,alexol,72,1,11,2100000,185,532,313195,983748,1117349,104,80,5,50283,153,458,565,10027,0,49717,70228248,40971960
CPU,x,72,1,11,70131000
x,alexol,72,1,12,2200000,176,500,628,4567,39058,2,0,0,50283,154,451,557,4627,0,49717,23818533,40992360
CPU,x,72,1,12,23824000
x,alexol,72,1,13,2300000,173,489,614,4836,84650,1,0,0,50283,108,379,506,8536,0,49717,21239293,40992360
CPU,x,72,1,13,21187000
x,alexol,72,1,14,2400000,173,495,616,4638,25826,2,0,0,50283,101,309,495,5918,0,49717,20131201,40992360
CPU,x,72,1,14,20073000
x,alexol,72,1,15,2500000,172,494,623,4694,9877,0,0,0,50283,100,260,470,4871,0,49717,19656145,40992360
CPU,x,72,1,15,19660000
x,alexol,72,1,16,2600000,173,496,617,4678,10011,1,0,0,50283,100,234,460,4586,0,49717,19533217,40992360
CPU,x,72,1,16,19537000
x,alexol,72,1,17,2700000,174,491,611,5282,69569,2,0,0,50283,100,232,456,4634,0,49717,19597634,40992360
CPU,x,72,1,17,19537000
x,alexol,72,1,18,2800000,176,500,632,4996,9574,0,0,0,50283,100,236,462,61959,0,49717,19717482,40992360
CPU,x,72,1,18,19678000
x,alexol,72,1,19,2900000,179,501,611,4984,92562,1,0,0,50283,101,237,467,10624,0,49717,19948987,41043752
CPU,x,72,1,19,19911000
x,alexol,72,1,20,3000000,181,513,653,92782,421017,12,5,0,50283,102,227,468,5986,0,49717,21878011,41672624
CPU,x,72,1,20,21829000
x,alexol,72,1,21,3100000,191,546,409041,429078,548585,127,107,0,50283,157,464,564,43953,0,49717,59309778,53661504
CPU,x,72,1,21,59231000
x,alexol,72,1,22,3200000,178,505,658,187939,430719,15,7,0,50283,156,467,551,6901,0,49717,27480421,54643136
CPU,x,72,1,22,27400000
x,alexol,72,1,23,3300000,175,498,624,4627,56888,1,0,0,50283,148,430,516,4573,0,49717,22326993,54643136
CPU,x,72,1,23,22291000
x,alexol,72,1,24,3400000,173,497,605,5065,43251,1,0,0,50283,102,356,500,7066,0,49717,20715470,54643136
CPU,x,72,1,24,20650000
x,alexol,72,1,25,3500000,173,495,606,5090,58272,2,0,0,50283,99,313,491,10674,0,49717,20096301,54643136
CPU,x,72,1,25,20058000
x,alexol,72,1,26,3600000,173,496,623,4734,60733,2,0,0,50283,98,274,478,6309,0,49717,19706442,54643136
CPU,x,72,1,26,19660000
x,alexol,72,1,27,3700000,172,495,606,4520,10399,1,0,0,50283,98,276,483,18334,0,49717,19538881,54643136
CPU,x,72,1,27,19543000
x,alexol,72,1,28,3800000,172,497,634,4864,26060,1,0,0,50283,98,248,472,5090,0,49717,19384860,54643136
CPU,x,72,1,28,19389000
x,alexol,72,1,29,3900000,172,493,620,4819,11040,2,0,0,50283,98,244,462,5566,0,49717,19441802,54643136
CPU,x,72,1,29,19446000
x,alexol,72,1,30,4000000,172,497,623,4584,10247,1,0,0,50283,98,252,462,6266,0,49717,19453475,54643136
CPU,x,72,1,30,19403000
