x,alexol,72,1,1,1100000,184,571,995,704042,921826,71,64,0,100000,0,0,0,0,0,0,49302651,25542936
CPU,x,72,1,1,49320000
x,alexol,72,1,2,1200000,189,647,6246,729159,1400091,82,62,6,100000,0,0,0,0,0,0,50244433,28680680
CPU,x,72,1,2,50251000
x,alexol,72,1,3,1300000,190,648,1382,463274,1204609,79,57,2,100000,0,0,0,0,0,0,42115379,31456776
CPU,x,72,1,3,42123000
x,alexol,72,1,4,1400000,197,723,1591,283942,937788,78,49,0,100000,0,0,0,0,0,0,36990744,33721888
CPU,x,72,1,4,36973000
x,alexol,72,1,5,1500000,197,740,1641,277203,552995,71,38,0,100000,0,0,0,0,0,0,34226977,35623160
CPU,x,72,1,5,34233000
x,alexol,72,1,6,1600000,198,792,1969,289210,553284,71,37,0,100000,0,0,0,0,0,0,35228709,37662000
CPU,x,72,1,6,35184000
x,alexol,72,1,7,1700000,197,794,1598,360380,1269352,66,38,3,100000,0,0,0,0,0,0,38196601,39953424
CPU,x,72,1,7,38202000
x,alexol,72,1,8,1800000,196,770,5264,303052,1123459,86,48,1,100000,0,0,0,0,0,0,37267854,42607040
CPU,x,72,1,8,37274000
x,alexol,72,1,9,1900000,193,752,5124,300291,726003,80,39,0,100000,0,0,0,0,0,0,34810388,45207912
CPU,x,72,1,9,34817000
x,alexol,72,1,10,2000000,192,718,5003,199098,755612,78,30,0,100000,0,0,0,0,0,0,31792841,47282048
CPU,x,72,1,10,31798000
x,alexol,72,1,11,2100000,192,733,1513,204719,662648,72,24,0,100000,0,0,0,0,0,0,31441644,49244792
CPU,x,72,1,11,31446000
x,alexol,72,1,12,2200000,195,807,9664,223911,845774,98,25,0,100000,0,0,0,0,0,0,34106216,51823968
CPU,x,72,1,12,34111000
x,alexol,72,1,13,2300000,195,839,2340,394468,997789,80,39,0,100000,0,0,0,0,0,0,38525785,54355040
CPU,x,72,1,13,38531000
x,alexol,72,1,14,2400000,189,711,5914,223467,500104,81,22,0,100000,0,0,0,0,0,0,32040588,56638856
CPU,x,72,1,14,32042000
x,alexol,72,1,15,2500000,189,762,2119,216434,1062631,75,22,1,100000,0,0,0,0,0,0,32014229,58805872
CPU,x,72,1,15,32014000
x,alexol,72,1,16,2600000,189,803,5896,223520,551573,79,30,0,100000,0,0,0,0,0,0,32718100,61249832
CPU,x,72,1,16,32723000
x,alexol,72,1,17,2700000,186,801,6161,210112,872770,90,22,0,100000,0,0,0,0,0,0,32606151,63843776
CPU,x,72,1,17,32611000
x,alexol,72,1,18,2800000,183,703,1494,124059,440926,68,16,0,100000,0,0,0,0,0,0,27905367,65578496
CPU,x,72,1,18,27910000
x,alexol,72,1,19,2900000,183,774,5753,234864,1211569,77,23,1,100000,0,0,0,0,0,0,32084816,68051512
CPU,x,72,1,19,32089000
x,alexol,72,1,20,3000000,180,695,2813,295453,1073345,80,27,1,100000,0,0,0,0,0,0,32770756,70661192
CPU,x,72,1,20,32777000
x,alexol,72,1,21,3100000,178,679,5541,247762,882602,76,25,0,100000,0,0,0,0,0,0,31514019,73337592
CPU,x,72,1,21,31519000
x,alexol,72,1,22,3200000,175,596,1339,137403,525374,72,19,0,100000,0,0,0,0,0,0,26920456,75533720
CPU,x,72,1,22,26926000
x,alexol,72,1,23,3300000,173,586,4829,122286,239298,81,14,0,100000,0,0,0,0,0,0,25859732,77618216
CPU,x,72,1,23,25865000
x,alexol,72,1,24,3400000,173,573,1328,244614,491108,73,25,0,100000,0,0,0,0,0,0,28756433,80246000
CPU,x,72,1,24,28761000
x,alexol,72,1,25,3500000,172,584,6095,305487,638075,90,28,0,100000,0,0,0,0,0,0,30484684,83304912
CPU,x,72,1,25,30448000
x,alexol,72,1,26,3600000,170,556,1085,115442,602235,63,10,0,100000,0,0,0,0,0,0,25444555,85243816
CPU,x,72,1,26,25450000
x,alexol,72,1,27,3700000,168,558,5995,160551,469836,87,18,0,100000,0,0,0,0,0,0,27062728,87944448
CPU,x,72,1,27,27073000
x,alexol,72,1,28,3800000,164,537,1043,102189,263078,65,10,0,100000,0,0,0,0,0,0,23379405,89941400
CPU,x,72,1,28,23384000
x,alexol,72,1,29,3900000,159,534,1129,137355,245589,79,16,0,100000,0,0,0,0,0,0,24140575,92478960
CPU,x,72,1,29,24146000
x,alexol,72,1,30,4000000,132,497,947,81917,313243,69,5,0,100000,0,0,0,0,0,0,20992054,94441608
CPU,x,72,1,30,20997000
