x,alexol,1866,16,1,112500000,158,5818,49851,189448,3651347,103577,3207,148,12500000,0,0,0,0,0,0,519391455,2617522680
CPU,x,1866,16,1,6468972000
x,alexol,1866,16,2,125000000,157,5431,44198,176369,4026624,102203,2540,116,12500000,0,0,0,0,0,0,450934125,2929414504
CPU,x,1866,16,2,6072620000
x,alexol,1866,16,3,137500000,148,4743,44252,166110,1631445,98937,2516,81,12500000,0,0,0,0,0,0,417434561,3241944784
CPU,x,1866,16,3,5762290000
x,alexol,1866,16,4,150000000,148,4141,45459,166396,1545526,98216,2638,71,12500000,0,0,0,0,0,0,380367063,3555037600
CPU,x,1866,16,4,5705906000
x,alexol,1866,16,5,162500000,146,2829,46295,171364,1564788,96340,2704,71,12500000,0,0,0,0,0,0,378084302,3867245120
CPU,x,1866,16,5,5646460000
x,alexol,1866,16,6,175000000,146,2485,44276,162241,2910933,94777,2365,60,12500000,0,0,0,0,0,0,374229113,4178916384
CPU,x,1866,16,6,5579562000
x,alexol,1866,16,7,187500000,141,2276,44578,160951,2003408,92233,2281,53,12500000,0,0,0,0,0,0,368639818,4489855488
CPU,x,1866,16,7,5430455000
x,alexol,1866,16,8,200000000,136,2076,43670,159795,1602165,89777,2182,51,12500000,0,0,0,0,0,0,325011031,4799863760
CPU,x,1866,16,8,5143096000
x,alexol,1866,16,9,212500000,136,1862,42225,155943,770852,88328,1840,0,12500000,0,0,0,0,0,0,345151388,5109458544
CPU,x,1866,16,9,5021582000
x,alexol,1866,16,10,225000000,141,1876,43831,158413,883859,88105,2093,0,12500000,0,0,0,0,0,0,358127528,5417828496
CPU,x,1866,16,10,5234886000
x,alexol,1866,16,11,237500000,144,1834,46122,161076,8638240,87123,2231,20,12500000,0,0,0,0,0,0,372894610,5725897256
CPU,x,1866,16,11,5348364000
x,alexol,1866,16,12,250000000,145,1797,46708,164048,1160285,86357,2368,7,12500000,0,0,0,0,0,0,374667380,6032937320
CPU,x,1866,16,12,5414639000
x,alexol,1866,16,13,262500000,151,1887,49578,177661,6124532,85868,2709,83,12500000,0,0,0,0,0,0,402616605,6339448624
CPU,x,1866,16,13,5781046000
x,alexol,1866,16,14,275000000,145,1821,47200,162592,1429229,84373,2463,67,12500000,0,0,0,0,0,0,376231371,6645537728
CPU,x,1866,16,14,5488534000
x,alexol,1866,16,15,287500000,138,1762,45797,164741,8152576,83575,2525,71,12500000,0,0,0,0,0,0,384436939,6950974176
CPU,x,1866,16,15,5326189000
x,alexol,1866,16,16,300000000,140,1779,45874,165699,1502103,83169,2544,70,12500000,0,0,0,0,0,0,365068119,7255893504
CPU,x,1866,16,16,5373688000
x,alexol,1866,16,17,312500000,139,1750,46035,168150,1452739,82791,2633,65,12500000,0,0,0,0,0,0,365636006,7560949592
CPU,x,1866,16,17,5373793000
x,alexol,1866,16,18,325000000,145,1715,47946,165829,1798312,82789,2585,63,12500000,0,0,0,0,0,0,439141194,7865725296
CPU,x,1866,16,18,5603112000
x,alexol,1866,16,19,337500000,155,1762,49012,164101,2179020,83085,2588,68,12500000,0,0,0,0,0,0,435370834,8170697696
CPU,x,1866,16,19,5839721000
x,alexol,1866,16,20,350000000,151,1790,48951,162329,4220283,83034,2483,73,12500000,0,0,0,0,0,0,432565734,8476449016
CPU,x,1866,16,20,5752918000
x,alexol,1866,16,21,362500000,144,1803,47720,160581,1936185,82941,2392,53,12500000,0,0,0,0,0,0,362424743,8782080128
CPU,x,1866,16,21,5556954000
x,alexol,1866,16,22,375000000,145,1732,46772,169850,8833387,82891,2346,171,12500000,0,0,0,0,0,0,386976943,9088854968
CPU,x,1866,16,22,5670075000
x,alexol,1866,16,23,387500000,148,705,49002,175594,1745511,83121,2513,102,12500000,0,0,0,0,0,0,433629447,9396921560
CPU,x,1866,16,23,5788378000
x,alexol,1866,16,24,400000000,144,827,49576,168275,9156916,82945,2526,93,12500000,0,0,0,0,0,0,405928001,9704891560
CPU,x,1866,16,24,5731300000
