x,alexol,5,1,1,1100000,148,3989,30879,180680,684825,375,18,0,100000,0,0,0,0,0,0,40248401,26277784
CPU,x,5,1,1,40247000
LOCK2,x,5,1,1,1100000,0,0,0,0,6811,0,0,22267574,684526,0,0,0,2001,0,19315352
LOCK3,x,5,1,1,1100000,18,0,0,0,0,0,0
x,alexol,5,1,2,1200000,149,3977,29750,121214,671780,369,15,0,100000,0,0,0,0,0,0,38760236,29339880
CPU,x,5,1,2,38762000
LOCK2,x,5,1,2,1200000,0,0,0,0,7064,0,0,20681598,684526,0,0,0,2070,0,17932312
LOCK3,x,5,1,2,1200000,15,0,0,0,0,0,0
x,alexol,5,1,3,1300000,149,3865,29720,114674,671331,377,14,0,100000,0,0,0,0,0,0,38010038,32391272
CPU,x,5,1,3,38002000
LOCK2,x,5,1,3,1300000,0,0,0,0,6834,0,0,20343265,684526,0,0,0,2024,0,17647026
LOCK3,x,5,1,3,1300000,14,0,0,0,0,0,0
x,alexol,5,1,4,1400000,149,3898,29992,145011,504001,373,15,0,100000,0,0,0,0,0,0,37645297,35424648
CPU,x,5,1,4,37648000
LOCK2,x,5,1,4,1400000,0,0,0,0,6757,0,0,20019963,684526,0,0,0,1994,0,17244267
LOCK3,x,5,1,4,1400000,15,0,0,0,0,0,0
x,alexol,5,1,5,1500000,151,4022,29939,112285,670839,387,13,0,100000,0,0,0,0,0,0,38065736,38439176
CPU,x,5,1,5,38068000
LOCK2,x,5,1,5,1500000,0,0,0,0,6843,0,0,20308017,684526,0,0,0,2035,0,17599432
LOCK3,x,5,1,5,1500000,13,0,0,0,0,0,0
x,alexol,5,1,6,1600000,149,3909,29801,114131,673119,367,14,0,100000,0,0,0,0,0,0,37715437,41461208
CPU,x,5,1,6,37718000
LOCK2,x,5,1,6,1600000,0,0,0,0,6582,0,0,20096144,684526,0,0,0,1944,0,17465258
LOCK3,x,5,1,6,1600000,14,0,0,0,0,0,0
x,alexol,5,1,7,1700000,149,3867,29811,113509,355620,370,12,0,100000,0,0,0,0,0,0,36812815,44385480
CPU,x,5,1,7,36778000
LOCK2,x,5,1,7,1700000,0,0,0,0,6281,0,0,19235160,684526,0,0,0,1865,0,16756837
LOCK3,x,5,1,7,1700000,12,0,0,0,0,0,0
x,alexol,5,1,8,1800000,148,3841,30803,157142,675027,368,17,0,100000,0,0,0,0,0,0,38419096,47383896
CPU,x,5,1,8,38422000
LOCK2,x,5,1,8,1800000,0,0,0,0,5832,0,0,20835070,684526,0,0,0,1735,0,18448441
LOCK3,x,5,1,8,1800000,17,0,0,0,0,0,0
x,alexol,5,1,9,1900000,148,4106,28290,58931,217677,364,5,0,100000,0,0,0,0,0,0,35646040,50279704
CPU,x,5,1,9,35628000
LOCK2,x,5,1,9,1900000,0,0,0,0,6653,0,0,18076866,684526,0,0,0,1959,0,15419867
LOCK3,x,5,1,9,1900000,5,0,0,0,0,0,0
x,alexol,5,1,10,2000000,149,4070,28830,109050,668533,363,11,0,100000,0,0,0,0,0,0,37099557,53225800
CPU,x,5,1,10,37083000
LOCK2,x,5,1,10,2000000,0,0,0,0,6330,0,0,19564785,684526,0,0,0,1874,0,17055779
LOCK3,x,5,1,10,2000000,11,0,0,0,0,0,0
x,alexol,5,1,11,2100000,149,3864,29562,113541,354760,363,12,0,100000,0,0,0,0,0,0,36489710,56152120
CPU,x,5,1,11,36493000
LOCK2,x,5,1,11,2100000,0,0,0,0,5975,0,0,18922936,684526,0,0,0,1787,0,16577658
LOCK3,x,5,1,11,2100000,12,0,0,0,0,0,0
x,alexol,5,1,12,2200000,148,3831,29288,121245,669276,368,16,0,100000,0,0,0,0,0,0,37895130,59070560
CPU,x,5,1,12,37882000
LOCK2,x,5,1,12,2200000,0,0,0,0,5881,0,0,20388421,684526,0,0,0,1746,0,18017625
LOCK3,x,5,1,12,2200000,16,0,0,0,0,0,0
x,alexol,5,1,13,2300000,142,4936,15858,32048,110408,263,1,0,100000,0,0,0,0,0,0,35477403,62047736
CPU,x,5,1,13,35465000
LOCK2,x,5,1,13,2300000,0,0,0,0,8397,0,0,18393699,684526,0,0,0,2292,0,14901167
LOCK3,x,5,1,13,2300000,1,0,0,0,0,0,0
x,alexol,5,1,14,2400000,151,4040,29302,126056,685805,352,14,0,100000,0,0,0,0,0,0,38106855,64994096
CPU,x,5,1,14,38110000
LOCK2,x,5,1,14,2400000,0,0,0,0,6263,0,0,20330215,685458,0,0,0,1843,0,17849303
LOCK3,x,5,1,14,2400000,14,0,0,0,0,0,0
x,alexol,5,1,15,2500000,148,3992,28470,69643,169446,367,4,0,100000,0,0,0,0,0,0,35023955,67889200
CPU,x,5,1,15,35011000
LOCK2,x,5,1,15,2500000,0,0,0,0,5748,0,0,17534465,685458,0,0,0,1690,0,14856512
LOCK3,x,5,1,15,2500000,4,0,0,0,0,0,0
x,alexol,5,1,16,2600000,148,3920,30416,110297,347524,380,11,0,100000,0,0,0,0,0,0,36630495,70887176
CPU,x,5,1,16,36634000
LOCK2,x,5,1,16,2600000,0,0,0,0,5843,0,0,19165466,685458,0,0,0,1749,0,16811082
LOCK3,x,5,1,16,2600000,11,0,0,0,0,0,0
x,alexol,5,1,17,2700000,148,3969,29807,112239,869116,377,14,0,100000,0,0,0,0,0,0,37576903,73796424
CPU,x,5,1,17,37580000
LOCK2,x,5,1,17,2700000,0,0,0,0,5583,0,0,20145052,868766,0,0,0,1680,0,18080508
LOCK3,x,5,1,17,2700000,14,0,0,0,0,0,0
x,alexol,5,1,18,2800000,149,3893,29459,112175,669604,369,14,0,100000,0,0,0,0,0,0,37731420,76692992
CPU,x,5,1,18,37695000
LOCK2,x,5,1,18,2800000,0,0,0,0,5446,0,0,20222867,868766,0,0,0,1628,0,18234674
LOCK3,x,5,1,18,2800000,14,0,0,0,0,0,0
x,alexol,5,1,19,2900000,148,3916,29934,142262,658522,360,16,0,100000,0,0,0,0,0,0,37294342,79541000
CPU,x,5,1,19,37296000
LOCK2,x,5,1,19,2900000,0,0,0,0,5061,0,0,19856160,868766,0,0,0,1532,0,18004130
LOCK3,x,5,1,19,2900000,16,0,0,0,0,0,0
x,alexol,5,1,20,3000000,148,3895,29008,110915,441177,361,11,0,100000,0,0,0,0,0,0,36060273,82370976
CPU,x,5,1,20,36063000
LOCK2,x,5,1,20,3000000,0,0,0,0,5212,0,0,18600734,868766,0,0,0,1557,0,16552406
LOCK3,x,5,1,20,3000000,11,0,0,0,0,0,0
x,alexol,5,1,21,3100000,148,3957,29604,113614,971601,379,14,0,100000,0,0,0,0,0,0,37624991,85225888
CPU,x,5,1,21,36997000
LOCK2,x,5,1,21,3100000,0,0,0,0,5161,0,0,19708501,971201,0,0,0,1541,0,17617002
LOCK3,x,5,1,21,3100000,13,0,0,0,1,0,0
x,alexol,5,1,22,3200000,148,3897,29916,113233,442262,370,13,0,100000,0,0,0,0,0,0,36903296,88082696
CPU,x,5,1,22,36906000
LOCK2,x,5,1,22,3200000,0,0,0,0,5217,0,0,19423390,971201,0,0,0,1574,0,17467490
LOCK3,x,5,1,22,3200000,13,0,0,0,0,0,0
x,alexol,5,1,23,3300000,148,3957,29968,141153,661872,376,17,0,100000,0,0,0,0,0,0,37862067,90945912
CPU,x,5,1,23,37859000
LOCK2,x,5,1,23,3300000,0,0,0,0,4543,0,0,20407882,971201,0,0,0,1400,0,18746302
LOCK3,x,5,1,23,3300000,17,0,0,0,0,0,0
x,alexol,5,1,24,3400000,149,3891,29725,155267,676503,371,15,0,100000,0,0,0,0,0,0,37232697,93777512
CPU,x,5,1,24,37210000
LOCK2,x,5,1,24,3400000,0,0,0,0,4598,0,0,19676868,971201,0,0,0,1406,0,18013420
LOCK3,x,5,1,24,3400000,15,0,0,0,0,0,0
x,alexol,5,1,25,3500000,151,3923,29220,115278,676363,369,15,0,100000,0,0,0,0,0,0,37311128,96597944
CPU,x,5,1,25,37315000
LOCK2,x,5,1,25,3500000,0,0,0,0,4703,0,0,19600526,971201,0,0,0,1426,0,17910755
LOCK3,x,5,1,25,3500000,15,0,0,0,0,0,0
x,alexol,5,1,26,3600000,151,3910,29490,113018,671101,363,14,0,100000,0,0,0,0,0,0,36973134,99414888
CPU,x,5,1,26,36976000
LOCK2,x,5,1,26,3600000,0,0,0,0,4620,0,0,19337358,971201,0,0,0,1400,0,17609857
LOCK3,x,5,1,26,3600000,14,0,0,0,0,0,0
x,alexol,5,1,27,3700000,149,3961,29754,124967,674842,368,15,0,100000,0,0,0,0,0,0,37683085,102220704
CPU,x,5,1,27,37676000
LOCK2,x,5,1,27,3700000,0,0,0,0,4833,0,0,20033164,971201,0,0,0,1448,0,18334607
LOCK3,x,5,1,27,3700000,15,0,0,0,0,0,0
x,alexol,5,1,28,3800000,149,3954,29138,134710,673187,367,14,0,100000,0,0,0,0,0,0,37226549,105022984
CPU,x,5,1,28,37230000
LOCK2,x,5,1,28,3800000,0,0,0,0,4713,0,0,19709715,971201,0,0,0,1426,0,18091060
LOCK3,x,5,1,28,3800000,14,0,0,0,0,0,0
x,alexol,5,1,29,3900000,148,3922,29944,136567,672313,360,15,0,100000,0,0,0,0,0,0,36846441,107793056
CPU,x,5,1,29,36849000
LOCK2,x,5,1,29,3900000,0,0,0,0,4422,0,0,19424120,971201,0,0,0,1360,0,17852587
LOCK3,x,5,1,29,3900000,15,0,0,0,0,0,0
x,alexol,5,1,30,4000000,148,3908,28847,111858,513597,359,12,0,100000,0,0,0,0,0,0,35990596,110578952
CPU,x,5,1,30,35978000
LOCK2,x,5,1,30,4000000,0,0,0,0,4532,0,0,18596250,971201,0,0,0,1362,0,16858552
LOCK3,x,5,1,30,4000000,12,0,0,0,0,0,0
