x,alexol,1866,16,1,112500000,641,1417,6436,10716,1399757,978,7,1,6248740,402,903,1640,1342945,3,6251260,582334413,2305922496
CPU,x,1866,16,1,8853792000
x,alexol,1866,16,2,125000000,675,1853,7569,14243,606491,2731,46,0,6248740,416,975,2891,491488,1,6251260,712537305,2711007104
CPU,x,1866,16,2,11942147000
x,alexol,1866,16,3,137500000,664,1580,7178,366585,1895394,3275,1005,42,6248740,418,960,2684,1823577,20,6251260,622168453,3007389664
CPU,x,1866,16,3,10335365000
x,alexol,1866,16,4,150000000,649,1360,6274,10368,5605569,792,20,12,6248740,411,910,1697,5558747,6,6251260,549586070,3007389664
CPU,x,1866,16,4,8592514000
x,alexol,1866,16,5,162500000,660,1577,6406,13332,14733215,1848,23,12,6248740,416,933,2586,13701386,7,6251260,608043373,3007389664
CPU,x,1866,16,5,9482656000
x,alexol,1866,16,6,175000000,687,1700,7097,11967,1491883,2064,29,7,6248740,431,982,2381,2010950,21,6251260,605576097,3191212296
CPU,x,1866,16,6,10072401000
x,alexol,1866,16,7,187500000,712,1731,7476,12477,1345021,3045,13,1,6248740,446,1015,2536,122604,3,6251260,669793524,3727144544
CPU,x,1866,16,7,11494966000
x,alexol,1866,16,8,200000000,669,1438,6440,10324,356291,1026,6,0,6248740,423,939,1524,124770,2,6251260,587753950,3760667232
CPU,x,1866,16,8,9007224000
x,alexol,1866,16,9,212500000,671,2911,7441,14194,352964,4253,14,0,6248740,426,1026,5360,92930,0,6251260,575101998,3760667232
CPU,x,1866,16,9,9076064000
x,alexol,1866,16,10,225000000,678,2664,7476,16749,7866690,4147,18,1,6248740,427,1069,5518,6890749,7,6251260,568999670,3760667232
CPU,x,1866,16,10,9073834000
x,alexol,1866,16,11,237500000,695,1631,6584,10363,400722,1046,4,0,6248740,436,975,1588,100293,1,6251260,589039154,3843278920
CPU,x,1866,16,11,9780242000
x,alexol,1866,16,12,250000000,745,3375,10230,22557,8802987,7005,50,5,6248740,470,1884,6385,5319784,24,6251260,716702976,4161959512
CPU,x,1866,16,12,12544202000
x,alexol,1866,16,13,262500000,778,2834,8924,17438,14526486,4203,26,1,6248740,489,1130,5537,218324,12,6251260,714817938,4667039528
CPU,x,1866,16,13,13110117000
x,alexol,1866,16,14,275000000,716,1922,6371,10462,15728719,970,21,9,6248740,470,1035,2851,12842826,2,6251260,658447607,4721490280
CPU,x,1866,16,14,10420755000
x,alexol,1866,16,15,287500000,707,1487,6274,9572,5491726,458,6,2,6248740,463,996,1455,5227954,2,6251260,573769740,4721490280
CPU,x,1866,16,15,9113754000
x,alexol,1866,16,16,300000000,721,1556,4129,8049,79011,250,0,0,6248740,465,1000,1435,58317,0,6251260,600784386,4721490280
CPU,x,1866,16,16,9252422000
x,alexol,1866,16,17,312500000,730,2916,13006,20101,6656514,10062,41,1,6248740,469,1149,6981,322553,22,6251260,633260111,4723487336
CPU,x,1866,16,17,9844725000
x,alexol,1866,16,18,325000000,765,4076,13515,26264,8839031,14041,56,1,6248740,489,2152,10116,402465,35,6251260,710524290,4899248976
CPU,x,1866,16,18,11472538000
x,alexol,1866,16,19,337500000,794,4320,14069,30000,8797742,15123,128,1,6248740,508,2417,10286,9211721,74,6251260,819738096,5206984016
CPU,x,1866,16,19,12769262000
x,alexol,1866,16,20,350000000,806,4467,13971,27128,9696167,15622,80,1,6248740,517,2089,10054,453703,39,6251260,799272543,5645415712
CPU,x,1866,16,20,13497409000
x,alexol,1866,16,21,362500000,766,2505,7456,14978,11445536,2698,27,3,6248740,501,1147,5546,11335695,22,6251260,701258529,5901380912
CPU,x,1866,16,21,11814780000
x,alexol,1866,16,22,375000000,727,1541,3543,7162,4206341,138,5,4,6248740,478,1022,1428,3893268,2,6251260,580108583,5901380912
CPU,x,1866,16,22,9273880000
x,alexol,1866,16,23,387500000,733,1576,3725,7170,333109,139,1,0,6248740,480,1024,1439,198968,1,6251260,584026280,5901402064
CPU,x,1866,16,23,9321619000
x,alexol,1866,16,24,400000000,740,1637,3880,7553,5660634,184,5,1,6248740,482,1032,1461,878636,3,6251260,585820796,5901435504
CPU,x,1866,16,24,9367298000
